	{ 
		
		"location_2": [
			
				{
					"density": 2, "friction": 0, "bounce": 0, 
					"filter": { "categoryBits": 1, "maskBits": 65535 },
					"shape": [   837, 186  ,  861, 242  ,  827, 234  ,  764, 186  ,  789, 120  ]
				}  ,
				{
					"density": 2, "friction": 0, "bounce": 0, 
					"filter": { "categoryBits": 1, "maskBits": 65535 },
					"shape": [   42, 254  ,  -1, 579  ,  -1, 254  ,  16, 206  ]
				}  ,
				{
					"density": 2, "friction": 0, "bounce": 0, 
					"filter": { "categoryBits": 1, "maskBits": 65535 },
					"shape": [   373, 374  ,  319, 410  ,  278, 360  ,  267, 310  ,  322.891571044922, 279.602416992188  ,  393, 301  ]
				}  ,
				{
					"density": 2, "friction": 0, "bounce": 0, 
					"filter": { "categoryBits": 1, "maskBits": 65535 },
					"shape": [   137, 262  ,  101, 288  ,  105, 252  ,  114, 225  ,  149, 235  ]
				}  ,
				{
					"density": 2, "friction": 0, "bounce": 0, 
					"filter": { "categoryBits": 1, "maskBits": 65535 },
					"shape": [   201, 382  ,  232, 406  ,  174.698791503906, 430.204818725586  ,  167, 390  ]
				}  ,
				{
					"density": 2, "friction": 0, "bounce": 0, 
					"filter": { "categoryBits": 1, "maskBits": 65535 },
					"shape": [   1024, 141  ,  977, 262  ,  950, 186  ,  968.674743652344, 100.084320068359  ,  1004.21685791016, 84.4216918945312  ]
				}  ,
				{
					"density": 2, "friction": 0, "bounce": 0, 
					"filter": { "categoryBits": 1, "maskBits": 65535 },
					"shape": [   837, 186  ,  950, 186  ,  904.216857910156, 230.807220458984  ,  861, 242  ]
				}  ,
				{
					"density": 2, "friction": 0, "bounce": 0, 
					"filter": { "categoryBits": 1, "maskBits": 65535 },
					"shape": [   950, 186  ,  977, 262  ,  904.216857910156, 230.807220458984  ]
				}  ,
				{
					"density": 2, "friction": 0, "bounce": 0, 
					"filter": { "categoryBits": 1, "maskBits": 65535 },
					"shape": [   278, 360  ,  319, 410  ,  309, 447  ,  232, 406  ,  243, 367  ]
				}  ,
				{
					"density": 2, "friction": 0, "bounce": 0, 
					"filter": { "categoryBits": 1, "maskBits": 65535 },
					"shape": [   309, 447  ,  313, 471  ,  -1, 579  ,  146.385543823242, 450.686737060547  ,  174.698791503906, 430.204818725586  ,  232, 406  ]
				}  ,
				{
					"density": 2, "friction": 0, "bounce": 0, 
					"filter": { "categoryBits": 1, "maskBits": 65535 },
					"shape": [   26, 439  ,  29, 357  ,  43, 371  ]
				}  ,
				{
					"density": 2, "friction": 0, "bounce": 0, 
					"filter": { "categoryBits": 1, "maskBits": 65535 },
					"shape": [   1023, 579  ,  965.662658691406, 483.216865539551  ,  968, 337  ,  977, 262  ,  1024, 141  ]
				}  ,
				{
					"density": 2, "friction": 0, "bounce": 0, 
					"filter": { "categoryBits": 1, "maskBits": 65535 },
					"shape": [   694, 515  ,  -1, 579  ,  313, 471  ,  639, 472  ]
				}  ,
				{
					"density": 2, "friction": 0, "bounce": 0, 
					"filter": { "categoryBits": 1, "maskBits": 65535 },
					"shape": [   67, 287  ,  42, 254  ,  105, 252  ,  101, 288  ]
				}  ,
				{
					"density": 2, "friction": 0, "bounce": 0, 
					"filter": { "categoryBits": 1, "maskBits": 65535 },
					"shape": [   29, 357  ,  42, 254  ,  67, 287  ]
				}  ,
				{
					"density": 2, "friction": 0, "bounce": 0, 
					"filter": { "categoryBits": 1, "maskBits": 65535 },
					"shape": [   1023, 579  ,  898.795227050781, 515.144577026367  ,  965.662658691406, 483.216865539551  ]
				}  ,
				{
					"density": 2, "friction": 0, "bounce": 0, 
					"filter": { "categoryBits": 1, "maskBits": 65535 },
					"shape": [   1023, 579  ,  -1, 579  ,  694, 515  ,  898.795227050781, 515.144577026367  ]
				}  ,
				{
					"density": 2, "friction": 0, "bounce": 0, 
					"filter": { "categoryBits": 1, "maskBits": 65535 },
					"shape": [   -1, 579  ,  38, 451  ,  146.385543823242, 450.686737060547  ]
				}  ,
				{
					"density": 2, "friction": 0, "bounce": 0, 
					"filter": { "categoryBits": 1, "maskBits": 65535 },
					"shape": [   -1, 579  ,  26, 439  ,  38, 451  ]
				}  ,
				{
					"density": 2, "friction": 0, "bounce": 0, 
					"filter": { "categoryBits": 1, "maskBits": 65535 },
					"shape": [   -1, 579  ,  29, 357  ,  26, 439  ]
				}   ,
				{
					"density": 2, "friction": 0, "bounce": 0, 
					"filter": { "categoryBits": 1, "maskBits": 65535 },
					"shape": [   231, 94  ,  274, 109  ,  280.722900390625, 157.313232421875  ,  260, 187  ,  192, 151  ,  192, 111  ]
				}   ,
				{
					"density": 2, "friction": 0, "bounce": 0, 
					"filter": { "categoryBits": 1, "maskBits": 65535 },
					"shape": [   381, 186  ,  391, 178  ,  504.216888427734, 179.602386474609  ,  498.192779541016, 200.084320068359  ,  459, 219  ]
				}   ,
				{
					"density": 2, "friction": 0, "bounce": 0, 
					"filter": { "categoryBits": 1, "maskBits": 65535 },
					"shape": [   725, 349  ,  628, 381  ,  682.530151367188, 331.409637451172  ,  733, 314  ]
				}  ,
				{
					"density": 2, "friction": 0, "bounce": 0, 
					"filter": { "categoryBits": 1, "maskBits": 65535 },
					"shape": [   581, 324  ,  682.530151367188, 331.409637451172  ,  628, 381  ,  549, 351  ,  541, 330  ]
				}   ,
				{
					"density": 2, "friction": 0, "bounce": 0, 
					"filter": { "categoryBits": 1, "maskBits": 65535 },
					"shape": [   597, 156  ,  605.421691894531, 122.373474121094  ,  637.951843261719, 108.51806640625  ,  671.686767578125, 130.204803466797  ,  674, 164  ,  639, 185  ]
				}  
		]
		
	}