	{ 
		
		"location_1": [
			
				{
					"density": 2, "friction": 0, "bounce": 0, 
					"filter": { "categoryBits": 1, "maskBits": 65535 },
					"shape": [   773, 443  ,  807, 495  ,  745.13623046875, 464.214004516602  ,  746, 429  ]
				}  ,
				{
					"density": 2, "friction": 0, "bounce": 0, 
					"filter": { "categoryBits": 1, "maskBits": 65535 },
					"shape": [   533, 380  ,  440.466949462891, 409.350189208984  ,  503, 335  ,  545, 307  ]
				}  ,
				{
					"density": 2, "friction": 0, "bounce": 0, 
					"filter": { "categoryBits": 1, "maskBits": 65535 },
					"shape": [   828, 237  ,  885, 314  ,  825, 268  ,  807.782104492188, 235.420227050781  ]
				}  ,
				{
					"density": 2, "friction": 0, "bounce": 0, 
					"filter": { "categoryBits": 1, "maskBits": 65535 },
					"shape": [   816, 314  ,  834, 325  ,  804, 348  ]
				}  ,
				{
					"density": 2, "friction": 0, "bounce": 0, 
					"filter": { "categoryBits": 1, "maskBits": 65535 },
					"shape": [   453, 334  ,  440.466949462891, 409.350189208984  ,  404.280151367188, 316.743194580078  ]
				}  ,
				{
					"density": 2, "friction": 0, "bounce": 0, 
					"filter": { "categoryBits": 1, "maskBits": 65535 },
					"shape": [   503, 335  ,  440.466949462891, 409.350189208984  ,  453, 334  ]
				}  ,
				{
					"density": 2, "friction": 0, "bounce": 0, 
					"filter": { "categoryBits": 1, "maskBits": 65535 },
					"shape": [   537, 431  ,  420.233459472656, 438.922180175781  ,  440.466949462891, 409.350189208984  ,  533, 380  ]
				}  ,
				{
					"density": 2, "friction": 0, "bounce": 0, 
					"filter": { "categoryBits": 1, "maskBits": 65535 },
					"shape": [   126, 240  ,  128, 204  ,  153, 198  ]
				}  ,
				{
					"density": 2, "friction": 0, "bounce": 0, 
					"filter": { "categoryBits": 1, "maskBits": 65535 },
					"shape": [   866, 232  ,  956, 358  ,  885, 314  ,  828, 237  ,  824, 192  ]
				}  ,
				{
					"density": 2, "friction": 0, "bounce": 0, 
					"filter": { "categoryBits": 1, "maskBits": 65535 },
					"shape": [   128, 204  ,  79, 214  ,  140, 175  ]
				}  ,
				{
					"density": 2, "friction": 0, "bounce": 0, 
					"filter": { "categoryBits": 1, "maskBits": 65535 },
					"shape": [   126, 240  ,  98, 349  ,  79, 214  ,  128, 204  ]
				}  ,
				{
					"density": 2, "friction": 0, "bounce": 0, 
					"filter": { "categoryBits": 1, "maskBits": 65535 },
					"shape": [   98, 349  ,  20, 214  ,  79, 214  ]
				}  ,
				{
					"density": 2, "friction": 0, "bounce": 0, 
					"filter": { "categoryBits": 1, "maskBits": 65535 },
					"shape": [   110, 424  ,  0, 579  ,  106, 398  ,  116, 391  ]
				}  ,
				{
					"density": 2, "friction": 0, "bounce": 0, 
					"filter": { "categoryBits": 1, "maskBits": 65535 },
					"shape": [   825, 268  ,  816, 314  ,  799.610900878906, 313.241241455078  ]
				}  ,
				{
					"density": 2, "friction": 0, "bounce": 0, 
					"filter": { "categoryBits": 1, "maskBits": 65535 },
					"shape": [   825, 268  ,  885, 314  ,  834, 325  ,  816, 314  ]
				}  ,
				{
					"density": 2, "friction": 0, "bounce": 0, 
					"filter": { "categoryBits": 1, "maskBits": 65535 },
					"shape": [   106, 398  ,  0, 579  ,  98, 349  ,  112, 336  ]
				}  ,
				{
					"density": 2, "friction": 0, "bounce": 0, 
					"filter": { "categoryBits": 1, "maskBits": 65535 },
					"shape": [   866, 232  ,  838, 205  ,  840, 191  ]
				}  ,
				{
					"density": 2, "friction": 0, "bounce": 0, 
					"filter": { "categoryBits": 1, "maskBits": 65535 },
					"shape": [   573, 462  ,  369.260711669922, 451.37353515625  ,  420.233459472656, 438.922180175781  ,  537, 431  ]
				}  ,
				{
					"density": 2, "friction": 0, "bounce": 0, 
					"filter": { "categoryBits": 1, "maskBits": 65535 },
					"shape": [   896, 245  ,  956, 358  ,  866, 232  ]
				}  ,
				{
					"density": 2, "friction": 0, "bounce": 0, 
					"filter": { "categoryBits": 1, "maskBits": 65535 },
					"shape": [   965, 244  ,  956, 358  ,  896, 245  ]
				}  ,
				{
					"density": 2, "friction": 0, "bounce": 0, 
					"filter": { "categoryBits": 1, "maskBits": 65535 },
					"shape": [   990, 235  ,  1000, 579  ,  957, 437  ,  956, 358  ,  965, 244  ]
				}  ,
				{
					"density": 2, "friction": 0, "bounce": 0, 
					"filter": { "categoryBits": 1, "maskBits": 65535 },
					"shape": [   834, 509  ,  573, 462  ,  745.13623046875, 464.214004516602  ]
				}  ,
				{
					"density": 2, "friction": 0, "bounce": 0, 
					"filter": { "categoryBits": 1, "maskBits": 65535 },
					"shape": [   98, 349  ,  0, 579  ,  -1, 212  ,  20, 214  ]
				}  ,
				{
					"density": 2, "friction": 0, "bounce": 0, 
					"filter": { "categoryBits": 1, "maskBits": 65535 },
					"shape": [   1000, 579  ,  925, 509  ,  957, 437  ]
				}  ,
				{
					"density": 2, "friction": 0, "bounce": 0, 
					"filter": { "categoryBits": 1, "maskBits": 65535 },
					"shape": [   1000, 579  ,  834, 509  ,  925, 509  ]
				}  ,
				{
					"density": 2, "friction": 0, "bounce": 0, 
					"filter": { "categoryBits": 1, "maskBits": 65535 },
					"shape": [   134, 450  ,  0, 579  ,  110, 424  ]
				}  ,
				{
					"density": 2, "friction": 0, "bounce": 0, 
					"filter": { "categoryBits": 1, "maskBits": 65535 },
					"shape": [   369.260711669922, 451.37353515625  ,  573, 462  ,  834, 509  ,  1000, 579  ,  0, 579  ,  134, 450  ]
				}   ,
				{
					"density": 2, "friction": 0, "bounce": 0, 
					"filter": { "categoryBits": 1, "maskBits": 65535 },
					"shape": [   600, 191  ,  636, 202  ,  589, 224  ]
				}  ,
				{
					"density": 2, "friction": 0, "bounce": 0, 
					"filter": { "categoryBits": 1, "maskBits": 65535 },
					"shape": [   707.393005371094, 187.949401855469  ,  701.945556640625, 198.066131591797  ,  680, 212  ,  669, 178  ,  705, 165  ]
				}  ,
				{
					"density": 2, "friction": 0, "bounce": 0, 
					"filter": { "categoryBits": 1, "maskBits": 65535 },
					"shape": [   638, 179  ,  680, 212  ,  636, 202  ,  600, 191  ,  561, 144  ]
				}  ,
				{
					"density": 2, "friction": 0, "bounce": 0, 
					"filter": { "categoryBits": 1, "maskBits": 65535 },
					"shape": [   680, 212  ,  638, 179  ,  669, 178  ]
				}  ,
				{
					"density": 2, "friction": 0, "bounce": 0, 
					"filter": { "categoryBits": 1, "maskBits": 65535 },
					"shape": [   638, 179  ,  602, 162  ,  601, 154  ]
				}  
		]
		
	}